-- Migration for auth.users and core_users --

INSERT INTO auth.users (id, aud, role, email, encrypted_password, email_confirmed_at, recovery_sent_at, last_sign_in_at, raw_app_meta_data, raw_user_meta_data, created_at, updated_at) VALUES ('43053d83-9736-49ec-9861-a50cf2bb8fec', 'authenticated', 'authenticated', 'simara.4305@nacj.org.br', crypt('Mudar@1234', gen_salt('bf')), NOW(), NULL, NULL, '{ "provider":"email", "providers":["email"] }', '{}', NOW(), NOW());
INSERT INTO public.core_users (id, person_id) VALUES ('43053d83-9736-49ec-9861-a50cf2bb8fec', '418a7f47-f6bf-4978-923f-63cde6973e71');
INSERT INTO auth.users (id, aud, role, email, encrypted_password, email_confirmed_at, recovery_sent_at, last_sign_in_at, raw_app_meta_data, raw_user_meta_data, created_at, updated_at) VALUES ('2ff15d9e-d7d9-417b-85cd-a5dd5cdb8e55', 'authenticated', 'authenticated', 'tarcia.2ff1@nacj.org.br', crypt('Mudar@1234', gen_salt('bf')), NOW(), NULL, NULL, '{ "provider":"email", "providers":["email"] }', '{}', NOW(), NOW());
INSERT INTO public.core_users (id, person_id) VALUES ('2ff15d9e-d7d9-417b-85cd-a5dd5cdb8e55', 'daa388b3-5178-48e7-a1e0-30310b2c3215');
INSERT INTO auth.users (id, aud, role, email, encrypted_password, email_confirmed_at, recovery_sent_at, last_sign_in_at, raw_app_meta_data, raw_user_meta_data, created_at, updated_at) VALUES ('071e9f87-852e-456b-b6c7-4f4fa15966a0', 'authenticated', 'authenticated', 'admilson.071e@nacj.org.br', crypt('Mudar@1234', gen_salt('bf')), NOW(), NULL, NULL, '{ "provider":"email", "providers":["email"] }', '{}', NOW(), NOW());
INSERT INTO public.core_users (id, person_id) VALUES ('071e9f87-852e-456b-b6c7-4f4fa15966a0', 'cf300b6b-503d-4d21-917a-b0cf60358096');
INSERT INTO auth.users (id, aud, role, email, encrypted_password, email_confirmed_at, recovery_sent_at, last_sign_in_at, raw_app_meta_data, raw_user_meta_data, created_at, updated_at) VALUES ('28015af1-2a3f-4851-bd47-faaad5ae84a0', 'authenticated', 'authenticated', 'celia.2801@nacj.org.br', crypt('Mudar@1234', gen_salt('bf')), NOW(), NULL, NULL, '{ "provider":"email", "providers":["email"] }', '{}', NOW(), NOW());
INSERT INTO public.core_users (id, person_id) VALUES ('28015af1-2a3f-4851-bd47-faaad5ae84a0', '3a7a507d-5381-4c22-ae07-876c21bd1d76');
INSERT INTO auth.users (id, aud, role, email, encrypted_password, email_confirmed_at, recovery_sent_at, last_sign_in_at, raw_app_meta_data, raw_user_meta_data, created_at, updated_at) VALUES ('47e69459-faff-4632-a72d-b7d7a158c909', 'authenticated', 'authenticated', 'pedro.47e6@nacj.org.br', crypt('Mudar@1234', gen_salt('bf')), NOW(), NULL, NULL, '{ "provider":"email", "providers":["email"] }', '{}', NOW(), NOW());
INSERT INTO public.core_users (id, person_id) VALUES ('47e69459-faff-4632-a72d-b7d7a158c909', '12b5e481-caa7-4bd8-b8ff-2267ef040c37');
INSERT INTO auth.users (id, aud, role, email, encrypted_password, email_confirmed_at, recovery_sent_at, last_sign_in_at, raw_app_meta_data, raw_user_meta_data, created_at, updated_at) VALUES ('a25e8977-17f7-488c-be4e-25b356c831f9', 'authenticated', 'authenticated', 'joelaine.a25e@nacj.org.br', crypt('Mudar@1234', gen_salt('bf')), NOW(), NULL, NULL, '{ "provider":"email", "providers":["email"] }', '{}', NOW(), NOW());
INSERT INTO public.core_users (id, person_id) VALUES ('a25e8977-17f7-488c-be4e-25b356c831f9', 'c0083189-a845-4af1-8533-a94dc488ecc0');
INSERT INTO auth.users (id, aud, role, email, encrypted_password, email_confirmed_at, recovery_sent_at, last_sign_in_at, raw_app_meta_data, raw_user_meta_data, created_at, updated_at) VALUES ('8e25b933-7f1e-4067-9b41-1b6c04f3da0c', 'authenticated', 'authenticated', 'wellington.8e25@nacj.org.br', crypt('Mudar@1234', gen_salt('bf')), NOW(), NULL, NULL, '{ "provider":"email", "providers":["email"] }', '{}', NOW(), NOW());
INSERT INTO public.core_users (id, person_id) VALUES ('8e25b933-7f1e-4067-9b41-1b6c04f3da0c', 'ad83c8a9-46a9-495c-97c2-a916ef3c048a');
INSERT INTO auth.users (id, aud, role, email, encrypted_password, email_confirmed_at, recovery_sent_at, last_sign_in_at, raw_app_meta_data, raw_user_meta_data, created_at, updated_at) VALUES ('14d6f6be-6ed9-4d0f-adfb-834c10565900', 'authenticated', 'authenticated', 'manoel.14d6@nacj.org.br', crypt('Mudar@1234', gen_salt('bf')), NOW(), NULL, NULL, '{ "provider":"email", "providers":["email"] }', '{}', NOW(), NOW());
INSERT INTO public.core_users (id, person_id) VALUES ('14d6f6be-6ed9-4d0f-adfb-834c10565900', '217d4511-95ce-4777-808f-2932c1a8c2b4');
INSERT INTO auth.users (id, aud, role, email, encrypted_password, email_confirmed_at, recovery_sent_at, last_sign_in_at, raw_app_meta_data, raw_user_meta_data, created_at, updated_at) VALUES ('346555b8-e091-4fc1-be6d-0f97093ea586', 'authenticated', 'authenticated', 'fernanda.3465@nacj.org.br', crypt('Mudar@1234', gen_salt('bf')), NOW(), NULL, NULL, '{ "provider":"email", "providers":["email"] }', '{}', NOW(), NOW());
INSERT INTO public.core_users (id, person_id) VALUES ('346555b8-e091-4fc1-be6d-0f97093ea586', '528c6226-8ccb-42b5-9779-4e52d8ef29d2');
INSERT INTO auth.users (id, aud, role, email, encrypted_password, email_confirmed_at, recovery_sent_at, last_sign_in_at, raw_app_meta_data, raw_user_meta_data, created_at, updated_at) VALUES ('8b95a882-f47e-432e-a4e6-7934ad6d3f0a', 'authenticated', 'authenticated', 'junia.8b95@nacj.org.br', crypt('Mudar@1234', gen_salt('bf')), NOW(), NULL, NULL, '{ "provider":"email", "providers":["email"] }', '{}', NOW(), NOW());
INSERT INTO public.core_users (id, person_id) VALUES ('8b95a882-f47e-432e-a4e6-7934ad6d3f0a', 'd69d5c65-033a-49d5-b999-0ec77ca42ba7');
INSERT INTO auth.users (id, aud, role, email, encrypted_password, email_confirmed_at, recovery_sent_at, last_sign_in_at, raw_app_meta_data, raw_user_meta_data, created_at, updated_at) VALUES ('aea06d93-fd71-4442-ab0e-7e57a0bf0b6c', 'authenticated', 'authenticated', 'wanderson.aea0@nacj.org.br', crypt('Mudar@1234', gen_salt('bf')), NOW(), NULL, NULL, '{ "provider":"email", "providers":["email"] }', '{}', NOW(), NOW());
INSERT INTO public.core_users (id, person_id) VALUES ('aea06d93-fd71-4442-ab0e-7e57a0bf0b6c', '2cb0c0f0-f798-498d-97bd-699886e684aa');
INSERT INTO auth.users (id, aud, role, email, encrypted_password, email_confirmed_at, recovery_sent_at, last_sign_in_at, raw_app_meta_data, raw_user_meta_data, created_at, updated_at) VALUES ('87b48f57-8104-4009-b26b-7985621ea610', 'authenticated', 'authenticated', 'cristiane.87b4@nacj.org.br', crypt('Mudar@1234', gen_salt('bf')), NOW(), NULL, NULL, '{ "provider":"email", "providers":["email"] }', '{}', NOW(), NOW());
INSERT INTO public.core_users (id, person_id) VALUES ('87b48f57-8104-4009-b26b-7985621ea610', 'c501303f-57ba-4941-a060-62c5362a4c30');
INSERT INTO auth.users (id, aud, role, email, encrypted_password, email_confirmed_at, recovery_sent_at, last_sign_in_at, raw_app_meta_data, raw_user_meta_data, created_at, updated_at) VALUES ('7292214b-318d-452e-8f0c-7c550e0b736b', 'authenticated', 'authenticated', 'andrea.7292@nacj.org.br', crypt('Mudar@1234', gen_salt('bf')), NOW(), NULL, NULL, '{ "provider":"email", "providers":["email"] }', '{}', NOW(), NOW());
INSERT INTO public.core_users (id, person_id) VALUES ('7292214b-318d-452e-8f0c-7c550e0b736b', '1c449342-aad6-4b80-a559-65e7b8b17399');
INSERT INTO auth.users (id, aud, role, email, encrypted_password, email_confirmed_at, recovery_sent_at, last_sign_in_at, raw_app_meta_data, raw_user_meta_data, created_at, updated_at) VALUES ('ceb22f2d-fe07-4dfb-9d11-901050daffd7', 'authenticated', 'authenticated', 'luciana.ceb2@nacj.org.br', crypt('Mudar@1234', gen_salt('bf')), NOW(), NULL, NULL, '{ "provider":"email", "providers":["email"] }', '{}', NOW(), NOW());
INSERT INTO public.core_users (id, person_id) VALUES ('ceb22f2d-fe07-4dfb-9d11-901050daffd7', '3a0d7abd-e67a-4fd3-bfe8-8bc0f24e70fa');
INSERT INTO auth.users (id, aud, role, email, encrypted_password, email_confirmed_at, recovery_sent_at, last_sign_in_at, raw_app_meta_data, raw_user_meta_data, created_at, updated_at) VALUES ('14dbd58d-9dcf-4134-a866-77a9aa43723b', 'authenticated', 'authenticated', 'leila.14db@nacj.org.br', crypt('Mudar@1234', gen_salt('bf')), NOW(), NULL, NULL, '{ "provider":"email", "providers":["email"] }', '{}', NOW(), NOW());
INSERT INTO public.core_users (id, person_id) VALUES ('14dbd58d-9dcf-4134-a866-77a9aa43723b', '9ff39ba1-d689-487e-a0af-17a4a99b7016');
INSERT INTO auth.users (id, aud, role, email, encrypted_password, email_confirmed_at, recovery_sent_at, last_sign_in_at, raw_app_meta_data, raw_user_meta_data, created_at, updated_at) VALUES ('082ea951-bfa5-4ac9-8986-c6f7e41ae676', 'authenticated', 'authenticated', 'maria.082e@nacj.org.br', crypt('Mudar@1234', gen_salt('bf')), NOW(), NULL, NULL, '{ "provider":"email", "providers":["email"] }', '{}', NOW(), NOW());
INSERT INTO public.core_users (id, person_id) VALUES ('082ea951-bfa5-4ac9-8986-c6f7e41ae676', 'a5fc4360-2a00-46a7-bffd-c8cef2ca0484');
INSERT INTO auth.users (id, aud, role, email, encrypted_password, email_confirmed_at, recovery_sent_at, last_sign_in_at, raw_app_meta_data, raw_user_meta_data, created_at, updated_at) VALUES ('1e8b92dd-fb68-4b86-a2aa-86abbad5517d', 'authenticated', 'authenticated', 'jenefer.1e8b@nacj.org.br', crypt('Mudar@1234', gen_salt('bf')), NOW(), NULL, NULL, '{ "provider":"email", "providers":["email"] }', '{}', NOW(), NOW());
INSERT INTO public.core_users (id, person_id) VALUES ('1e8b92dd-fb68-4b86-a2aa-86abbad5517d', '8882edc3-b934-471c-a2f5-39f82f978467');
INSERT INTO auth.users (id, aud, role, email, encrypted_password, email_confirmed_at, recovery_sent_at, last_sign_in_at, raw_app_meta_data, raw_user_meta_data, created_at, updated_at) VALUES ('da6dbdbe-d958-460a-8501-bfed45bc7adf', 'authenticated', 'authenticated', 'ana.da6d@nacj.org.br', crypt('Mudar@1234', gen_salt('bf')), NOW(), NULL, NULL, '{ "provider":"email", "providers":["email"] }', '{}', NOW(), NOW());
INSERT INTO public.core_users (id, person_id) VALUES ('da6dbdbe-d958-460a-8501-bfed45bc7adf', '5bdbf40f-97a3-4a7a-b3e0-b18fabe59a49');
INSERT INTO auth.users (id, aud, role, email, encrypted_password, email_confirmed_at, recovery_sent_at, last_sign_in_at, raw_app_meta_data, raw_user_meta_data, created_at, updated_at) VALUES ('f9cd15d0-9dbf-40a6-a856-b10549c907b0', 'authenticated', 'authenticated', 'gabriela.f9cd@nacj.org.br', crypt('Mudar@1234', gen_salt('bf')), NOW(), NULL, NULL, '{ "provider":"email", "providers":["email"] }', '{}', NOW(), NOW());
INSERT INTO public.core_users (id, person_id) VALUES ('f9cd15d0-9dbf-40a6-a856-b10549c907b0', '3c8eb538-1327-47f7-bb7d-ef5c36b2a3da');
INSERT INTO auth.users (id, aud, role, email, encrypted_password, email_confirmed_at, recovery_sent_at, last_sign_in_at, raw_app_meta_data, raw_user_meta_data, created_at, updated_at) VALUES ('7af3202c-feb2-46d6-9953-6f9d03638017', 'authenticated', 'authenticated', 'gabriel.7af3@nacj.org.br', crypt('Mudar@1234', gen_salt('bf')), NOW(), NULL, NULL, '{ "provider":"email", "providers":["email"] }', '{}', NOW(), NOW());
INSERT INTO public.core_users (id, person_id) VALUES ('7af3202c-feb2-46d6-9953-6f9d03638017', '3e3b8add-95c1-45ec-b43b-2c4889e51c2a');
INSERT INTO auth.users (id, aud, role, email, encrypted_password, email_confirmed_at, recovery_sent_at, last_sign_in_at, raw_app_meta_data, raw_user_meta_data, created_at, updated_at) VALUES ('4ac26f77-1676-4883-96a7-fb33ff06105b', 'authenticated', 'authenticated', 'rafael.4ac2@nacj.org.br', crypt('Mudar@1234', gen_salt('bf')), NOW(), NULL, NULL, '{ "provider":"email", "providers":["email"] }', '{}', NOW(), NOW());
INSERT INTO public.core_users (id, person_id) VALUES ('4ac26f77-1676-4883-96a7-fb33ff06105b', 'b1d0a0fe-8cd7-440a-8bf3-b064b1a201c9');
INSERT INTO auth.users (id, aud, role, email, encrypted_password, email_confirmed_at, recovery_sent_at, last_sign_in_at, raw_app_meta_data, raw_user_meta_data, created_at, updated_at) VALUES ('1a004271-c4e5-469b-9a2a-e77621068f64', 'authenticated', 'authenticated', 'iasmine.1a00@nacj.org.br', crypt('Mudar@1234', gen_salt('bf')), NOW(), NULL, NULL, '{ "provider":"email", "providers":["email"] }', '{}', NOW(), NOW());
INSERT INTO public.core_users (id, person_id) VALUES ('1a004271-c4e5-469b-9a2a-e77621068f64', '45b98222-82f9-4702-b93d-01b6a4159d42');
INSERT INTO auth.users (id, aud, role, email, encrypted_password, email_confirmed_at, recovery_sent_at, last_sign_in_at, raw_app_meta_data, raw_user_meta_data, created_at, updated_at) VALUES ('4b6c84c8-d5bf-4c18-9feb-bd238e64c413', 'authenticated', 'authenticated', 'vinicius.4b6c@nacj.org.br', crypt('Mudar@1234', gen_salt('bf')), NOW(), NULL, NULL, '{ "provider":"email", "providers":["email"] }', '{}', NOW(), NOW());
INSERT INTO public.core_users (id, person_id) VALUES ('4b6c84c8-d5bf-4c18-9feb-bd238e64c413', '21c4443d-c87c-4c93-88c9-af9a31789c86');
INSERT INTO auth.users (id, aud, role, email, encrypted_password, email_confirmed_at, recovery_sent_at, last_sign_in_at, raw_app_meta_data, raw_user_meta_data, created_at, updated_at) VALUES ('8b727954-ee60-4c97-b048-529f40ac4039', 'authenticated', 'authenticated', 'claudia.8b72@nacj.org.br', crypt('Mudar@1234', gen_salt('bf')), NOW(), NULL, NULL, '{ "provider":"email", "providers":["email"] }', '{}', NOW(), NOW());
INSERT INTO public.core_users (id, person_id) VALUES ('8b727954-ee60-4c97-b048-529f40ac4039', '4ffecd27-c20e-4f6a-9099-1bd603b39969');
INSERT INTO auth.users (id, aud, role, email, encrypted_password, email_confirmed_at, recovery_sent_at, last_sign_in_at, raw_app_meta_data, raw_user_meta_data, created_at, updated_at) VALUES ('c4eb1e98-e41c-4a90-bce9-7f100291aca7', 'authenticated', 'authenticated', 'meire.c4eb@nacj.org.br', crypt('Mudar@1234', gen_salt('bf')), NOW(), NULL, NULL, '{ "provider":"email", "providers":["email"] }', '{}', NOW(), NOW());
INSERT INTO public.core_users (id, person_id) VALUES ('c4eb1e98-e41c-4a90-bce9-7f100291aca7', '36baa593-9c1a-46a3-93e5-db30a565dbd4');
INSERT INTO auth.users (id, aud, role, email, encrypted_password, email_confirmed_at, recovery_sent_at, last_sign_in_at, raw_app_meta_data, raw_user_meta_data, created_at, updated_at) VALUES ('4af6b98f-afbe-4dda-8a29-ae082c32d1f0', 'authenticated', 'authenticated', 'gleiziely.4af6@nacj.org.br', crypt('Mudar@1234', gen_salt('bf')), NOW(), NULL, NULL, '{ "provider":"email", "providers":["email"] }', '{}', NOW(), NOW());
INSERT INTO public.core_users (id, person_id) VALUES ('4af6b98f-afbe-4dda-8a29-ae082c32d1f0', '480a9f35-0a49-42bd-885c-489091995ea5');
INSERT INTO auth.users (id, aud, role, email, encrypted_password, email_confirmed_at, recovery_sent_at, last_sign_in_at, raw_app_meta_data, raw_user_meta_data, created_at, updated_at) VALUES ('1ea9e7a4-575d-4f25-a48b-9d03f7e225e4', 'authenticated', 'authenticated', 'isabelle.1ea9@nacj.org.br', crypt('Mudar@1234', gen_salt('bf')), NOW(), NULL, NULL, '{ "provider":"email", "providers":["email"] }', '{}', NOW(), NOW());
INSERT INTO public.core_users (id, person_id) VALUES ('1ea9e7a4-575d-4f25-a48b-9d03f7e225e4', 'b9782f6d-a290-4abd-822e-f77306b69cef');
INSERT INTO auth.users (id, aud, role, email, encrypted_password, email_confirmed_at, recovery_sent_at, last_sign_in_at, raw_app_meta_data, raw_user_meta_data, created_at, updated_at) VALUES ('41fddaa3-0d82-42fd-9ed5-8a1f411eab2e', 'authenticated', 'authenticated', 'lorraine.41fd@nacj.org.br', crypt('Mudar@1234', gen_salt('bf')), NOW(), NULL, NULL, '{ "provider":"email", "providers":["email"] }', '{}', NOW(), NOW());
INSERT INTO public.core_users (id, person_id) VALUES ('41fddaa3-0d82-42fd-9ed5-8a1f411eab2e', '83472578-83fd-466b-8220-501437c642e7');
INSERT INTO auth.users (id, aud, role, email, encrypted_password, email_confirmed_at, recovery_sent_at, last_sign_in_at, raw_app_meta_data, raw_user_meta_data, created_at, updated_at) VALUES ('7a389b7c-140a-4d69-a81a-9a66a2a6f8ac', 'authenticated', 'authenticated', 'simara.7a38@nacj.org.br', crypt('Mudar@1234', gen_salt('bf')), NOW(), NULL, NULL, '{ "provider":"email", "providers":["email"] }', '{}', NOW(), NOW());
INSERT INTO public.core_users (id, person_id) VALUES ('7a389b7c-140a-4d69-a81a-9a66a2a6f8ac', '418a7f47-f6bf-4978-923f-63cde6973e71');
INSERT INTO auth.users (id, aud, role, email, encrypted_password, email_confirmed_at, recovery_sent_at, last_sign_in_at, raw_app_meta_data, raw_user_meta_data, created_at, updated_at) VALUES ('9bd925cf-e4fb-433a-8964-d8b7837015be', 'authenticated', 'authenticated', 'natalia.9bd9@nacj.org.br', crypt('Mudar@1234', gen_salt('bf')), NOW(), NULL, NULL, '{ "provider":"email", "providers":["email"] }', '{}', NOW(), NOW());
INSERT INTO public.core_users (id, person_id) VALUES ('9bd925cf-e4fb-433a-8964-d8b7837015be', '57d94665-f12c-466c-885b-a1adc27165e4');
INSERT INTO auth.users (id, aud, role, email, encrypted_password, email_confirmed_at, recovery_sent_at, last_sign_in_at, raw_app_meta_data, raw_user_meta_data, created_at, updated_at) VALUES ('4fb9c70b-3b74-4a12-9991-da18dddb2556', 'authenticated', 'authenticated', 'junia.4fb9@nacj.org.br', crypt('Mudar@1234', gen_salt('bf')), NOW(), NULL, NULL, '{ "provider":"email", "providers":["email"] }', '{}', NOW(), NOW());
INSERT INTO public.core_users (id, person_id) VALUES ('4fb9c70b-3b74-4a12-9991-da18dddb2556', 'a6e9ff8c-9251-4d47-bd3c-0a0ce5295f02');
INSERT INTO auth.users (id, aud, role, email, encrypted_password, email_confirmed_at, recovery_sent_at, last_sign_in_at, raw_app_meta_data, raw_user_meta_data, created_at, updated_at) VALUES ('d2c1efb1-b198-4170-84b0-3b6467eb0b4e', 'authenticated', 'authenticated', 'gleice.d2c1@nacj.org.br', crypt('Mudar@1234', gen_salt('bf')), NOW(), NULL, NULL, '{ "provider":"email", "providers":["email"] }', '{}', NOW(), NOW());
INSERT INTO public.core_users (id, person_id) VALUES ('d2c1efb1-b198-4170-84b0-3b6467eb0b4e', 'bc287f4f-f8bd-4392-bf70-bff52f74defc');
INSERT INTO auth.users (id, aud, role, email, encrypted_password, email_confirmed_at, recovery_sent_at, last_sign_in_at, raw_app_meta_data, raw_user_meta_data, created_at, updated_at) VALUES ('98b3509b-ce47-46b7-a80e-3f2f6506871d', 'authenticated', 'authenticated', 'maria.98b3@nacj.org.br', crypt('Mudar@1234', gen_salt('bf')), NOW(), NULL, NULL, '{ "provider":"email", "providers":["email"] }', '{}', NOW(), NOW());
INSERT INTO public.core_users (id, person_id) VALUES ('98b3509b-ce47-46b7-a80e-3f2f6506871d', 'd1aa4a2d-e698-43d7-b374-283c7441e84a');
INSERT INTO auth.users (id, aud, role, email, encrypted_password, email_confirmed_at, recovery_sent_at, last_sign_in_at, raw_app_meta_data, raw_user_meta_data, created_at, updated_at) VALUES ('e6d52ba8-213a-48d2-ba5b-282c75285b47', 'authenticated', 'authenticated', 'silvania.e6d5@nacj.org.br', crypt('Mudar@1234', gen_salt('bf')), NOW(), NULL, NULL, '{ "provider":"email", "providers":["email"] }', '{}', NOW(), NOW());
INSERT INTO public.core_users (id, person_id) VALUES ('e6d52ba8-213a-48d2-ba5b-282c75285b47', 'bef4d044-824b-403e-8a06-0bcb3862e1ce');
INSERT INTO auth.users (id, aud, role, email, encrypted_password, email_confirmed_at, recovery_sent_at, last_sign_in_at, raw_app_meta_data, raw_user_meta_data, created_at, updated_at) VALUES ('aa3e62d0-5df9-49a7-9f5d-1784cb1be39b', 'authenticated', 'authenticated', 'rubens.aa3e@nacj.org.br', crypt('Mudar@1234', gen_salt('bf')), NOW(), NULL, NULL, '{ "provider":"email", "providers":["email"] }', '{}', NOW(), NOW());
INSERT INTO public.core_users (id, person_id) VALUES ('aa3e62d0-5df9-49a7-9f5d-1784cb1be39b', 'c932d577-4e86-4e76-9e98-7b52607ed8b3');
INSERT INTO auth.users (id, aud, role, email, encrypted_password, email_confirmed_at, recovery_sent_at, last_sign_in_at, raw_app_meta_data, raw_user_meta_data, created_at, updated_at) VALUES ('3e006573-2193-4506-834d-e3bde07ac6ce', 'authenticated', 'authenticated', 'claudete.3e00@nacj.org.br', crypt('Mudar@1234', gen_salt('bf')), NOW(), NULL, NULL, '{ "provider":"email", "providers":["email"] }', '{}', NOW(), NOW());
INSERT INTO public.core_users (id, person_id) VALUES ('3e006573-2193-4506-834d-e3bde07ac6ce', '3b3c60ba-d9ca-4476-a650-8255aed64391');
INSERT INTO auth.users (id, aud, role, email, encrypted_password, email_confirmed_at, recovery_sent_at, last_sign_in_at, raw_app_meta_data, raw_user_meta_data, created_at, updated_at) VALUES ('13e7a3b8-373f-4bd9-a8b1-48053450b3bd', 'authenticated', 'authenticated', 'leilane.13e7@nacj.org.br', crypt('Mudar@1234', gen_salt('bf')), NOW(), NULL, NULL, '{ "provider":"email", "providers":["email"] }', '{}', NOW(), NOW());
INSERT INTO public.core_users (id, person_id) VALUES ('13e7a3b8-373f-4bd9-a8b1-48053450b3bd', 'c0821a91-e9b3-4acd-8e6c-e124a8fe6c79');
INSERT INTO auth.users (id, aud, role, email, encrypted_password, email_confirmed_at, recovery_sent_at, last_sign_in_at, raw_app_meta_data, raw_user_meta_data, created_at, updated_at) VALUES ('1c382413-2316-46f7-bec3-bc4136f4ee5e', 'authenticated', 'authenticated', 'arthur.1c38@nacj.org.br', crypt('Mudar@1234', gen_salt('bf')), NOW(), NULL, NULL, '{ "provider":"email", "providers":["email"] }', '{}', NOW(), NOW());
INSERT INTO public.core_users (id, person_id) VALUES ('1c382413-2316-46f7-bec3-bc4136f4ee5e', '1c066e78-9a65-496e-b6cd-172c12d457e3');
INSERT INTO auth.users (id, aud, role, email, encrypted_password, email_confirmed_at, recovery_sent_at, last_sign_in_at, raw_app_meta_data, raw_user_meta_data, created_at, updated_at) VALUES ('c8ad9db9-09ef-4cae-8515-8d5530b71332', 'authenticated', 'authenticated', 'kyriam.c8ad@nacj.org.br', crypt('Mudar@1234', gen_salt('bf')), NOW(), NULL, NULL, '{ "provider":"email", "providers":["email"] }', '{}', NOW(), NOW());
INSERT INTO public.core_users (id, person_id) VALUES ('c8ad9db9-09ef-4cae-8515-8d5530b71332', 'e032fccf-9379-419b-8a3e-db301c030f44');
INSERT INTO auth.users (id, aud, role, email, encrypted_password, email_confirmed_at, recovery_sent_at, last_sign_in_at, raw_app_meta_data, raw_user_meta_data, created_at, updated_at) VALUES ('bdd859fa-156d-46cc-83f1-3c8cf9a708c8', 'authenticated', 'authenticated', 'fabiana.bdd8@nacj.org.br', crypt('Mudar@1234', gen_salt('bf')), NOW(), NULL, NULL, '{ "provider":"email", "providers":["email"] }', '{}', NOW(), NOW());
INSERT INTO public.core_users (id, person_id) VALUES ('bdd859fa-156d-46cc-83f1-3c8cf9a708c8', '380abdea-f4c0-4074-bcc0-6f4a3c1a2914');
INSERT INTO auth.users (id, aud, role, email, encrypted_password, email_confirmed_at, recovery_sent_at, last_sign_in_at, raw_app_meta_data, raw_user_meta_data, created_at, updated_at) VALUES ('c86ea6d9-5764-4072-8492-3037e7d816d0', 'authenticated', 'authenticated', 'vanessa.c86e@nacj.org.br', crypt('Mudar@1234', gen_salt('bf')), NOW(), NULL, NULL, '{ "provider":"email", "providers":["email"] }', '{}', NOW(), NOW());
INSERT INTO public.core_users (id, person_id) VALUES ('c86ea6d9-5764-4072-8492-3037e7d816d0', '9bf1e200-da10-4993-8816-85d1701ba507');
INSERT INTO auth.users (id, aud, role, email, encrypted_password, email_confirmed_at, recovery_sent_at, last_sign_in_at, raw_app_meta_data, raw_user_meta_data, created_at, updated_at) VALUES ('8833608c-1232-42b6-a82e-7324bf815124', 'authenticated', 'authenticated', 'raine.8833@nacj.org.br', crypt('Mudar@1234', gen_salt('bf')), NOW(), NULL, NULL, '{ "provider":"email", "providers":["email"] }', '{}', NOW(), NOW());
INSERT INTO public.core_users (id, person_id) VALUES ('8833608c-1232-42b6-a82e-7324bf815124', 'f4edece4-99c2-453e-ad2e-251e56278701');
INSERT INTO auth.users (id, aud, role, email, encrypted_password, email_confirmed_at, recovery_sent_at, last_sign_in_at, raw_app_meta_data, raw_user_meta_data, created_at, updated_at) VALUES ('8a5dc947-3bda-487d-8de8-d3778623af55', 'authenticated', 'authenticated', 'gilmar.8a5d@nacj.org.br', crypt('Mudar@1234', gen_salt('bf')), NOW(), NULL, NULL, '{ "provider":"email", "providers":["email"] }', '{}', NOW(), NOW());
INSERT INTO public.core_users (id, person_id) VALUES ('8a5dc947-3bda-487d-8de8-d3778623af55', '91f318a3-5d81-41f0-a042-9e8c296a4be1');
INSERT INTO auth.users (id, aud, role, email, encrypted_password, email_confirmed_at, recovery_sent_at, last_sign_in_at, raw_app_meta_data, raw_user_meta_data, created_at, updated_at) VALUES ('97b654e6-70db-47e8-8dfd-aa2fa624f733', 'authenticated', 'authenticated', 'sheila.97b6@nacj.org.br', crypt('Mudar@1234', gen_salt('bf')), NOW(), NULL, NULL, '{ "provider":"email", "providers":["email"] }', '{}', NOW(), NOW());
INSERT INTO public.core_users (id, person_id) VALUES ('97b654e6-70db-47e8-8dfd-aa2fa624f733', '02a1a515-729a-4353-981d-a0b5def6f853');
INSERT INTO auth.users (id, aud, role, email, encrypted_password, email_confirmed_at, recovery_sent_at, last_sign_in_at, raw_app_meta_data, raw_user_meta_data, created_at, updated_at) VALUES ('91b24e21-3893-451b-b478-c811902a169d', 'authenticated', 'authenticated', 'simone.91b2@nacj.org.br', crypt('Mudar@1234', gen_salt('bf')), NOW(), NULL, NULL, '{ "provider":"email", "providers":["email"] }', '{}', NOW(), NOW());
INSERT INTO public.core_users (id, person_id) VALUES ('91b24e21-3893-451b-b478-c811902a169d', '78d61c36-102d-46db-a933-909630e44a08');
INSERT INTO auth.users (id, aud, role, email, encrypted_password, email_confirmed_at, recovery_sent_at, last_sign_in_at, raw_app_meta_data, raw_user_meta_data, created_at, updated_at) VALUES ('0ca0df7a-0aae-4f61-92a6-0a8ac61f1800', 'authenticated', 'authenticated', 'jaqueline.0ca0@nacj.org.br', crypt('Mudar@1234', gen_salt('bf')), NOW(), NULL, NULL, '{ "provider":"email", "providers":["email"] }', '{}', NOW(), NOW());
INSERT INTO public.core_users (id, person_id) VALUES ('0ca0df7a-0aae-4f61-92a6-0a8ac61f1800', 'eef3126e-3573-4884-a68a-cec5df2ef488');
INSERT INTO auth.users (id, aud, role, email, encrypted_password, email_confirmed_at, recovery_sent_at, last_sign_in_at, raw_app_meta_data, raw_user_meta_data, created_at, updated_at) VALUES ('fb8a13c3-eec8-43bb-9ab5-139f2c058f6a', 'authenticated', 'authenticated', 'daniel.fb8a@nacj.org.br', crypt('Mudar@1234', gen_salt('bf')), NOW(), NULL, NULL, '{ "provider":"email", "providers":["email"] }', '{}', NOW(), NOW());
INSERT INTO public.core_users (id, person_id) VALUES ('fb8a13c3-eec8-43bb-9ab5-139f2c058f6a', 'bd8e6a41-63ac-4a72-8f91-d4ae87aef069');
INSERT INTO auth.users (id, aud, role, email, encrypted_password, email_confirmed_at, recovery_sent_at, last_sign_in_at, raw_app_meta_data, raw_user_meta_data, created_at, updated_at) VALUES ('da99bd00-7151-45de-bd1c-d4a3db11e502', 'authenticated', 'authenticated', 'luisa.da99@nacj.org.br', crypt('Mudar@1234', gen_salt('bf')), NOW(), NULL, NULL, '{ "provider":"email", "providers":["email"] }', '{}', NOW(), NOW());
INSERT INTO public.core_users (id, person_id) VALUES ('da99bd00-7151-45de-bd1c-d4a3db11e502', 'e5e65cf8-ded6-4c2a-8307-a35a8519f4a2');
INSERT INTO auth.users (id, aud, role, email, encrypted_password, email_confirmed_at, recovery_sent_at, last_sign_in_at, raw_app_meta_data, raw_user_meta_data, created_at, updated_at) VALUES ('8f32a769-fd0d-4498-99f9-649af82955c4', 'authenticated', 'authenticated', 'ana.8f32@nacj.org.br', crypt('Mudar@1234', gen_salt('bf')), NOW(), NULL, NULL, '{ "provider":"email", "providers":["email"] }', '{}', NOW(), NOW());
INSERT INTO public.core_users (id, person_id) VALUES ('8f32a769-fd0d-4498-99f9-649af82955c4', 'fe360910-b327-43aa-a4a4-a80700d757e0');
INSERT INTO auth.users (id, aud, role, email, encrypted_password, email_confirmed_at, recovery_sent_at, last_sign_in_at, raw_app_meta_data, raw_user_meta_data, created_at, updated_at) VALUES ('2500f5cf-aa44-4beb-8469-5d49e8796ad8', 'authenticated', 'authenticated', 'marcio.2500@nacj.org.br', crypt('Mudar@1234', gen_salt('bf')), NOW(), NULL, NULL, '{ "provider":"email", "providers":["email"] }', '{}', NOW(), NOW());
INSERT INTO public.core_users (id, person_id) VALUES ('2500f5cf-aa44-4beb-8469-5d49e8796ad8', '621b7d94-ddd1-4ac4-8f87-8275e696f1b0');
INSERT INTO auth.users (id, aud, role, email, encrypted_password, email_confirmed_at, recovery_sent_at, last_sign_in_at, raw_app_meta_data, raw_user_meta_data, created_at, updated_at) VALUES ('3072d815-7b5a-4370-8e24-e502b5b910d3', 'authenticated', 'authenticated', 'magilda.3072@nacj.org.br', crypt('Mudar@1234', gen_salt('bf')), NOW(), NULL, NULL, '{ "provider":"email", "providers":["email"] }', '{}', NOW(), NOW());
INSERT INTO public.core_users (id, person_id) VALUES ('3072d815-7b5a-4370-8e24-e502b5b910d3', 'c83a8763-3f7e-4a50-9f38-0a5388c2bd66');
INSERT INTO auth.users (id, aud, role, email, encrypted_password, email_confirmed_at, recovery_sent_at, last_sign_in_at, raw_app_meta_data, raw_user_meta_data, created_at, updated_at) VALUES ('bfed8b77-230d-4941-97dd-d251f50bfdaf', 'authenticated', 'authenticated', 'claudia.bfed@nacj.org.br', crypt('Mudar@1234', gen_salt('bf')), NOW(), NULL, NULL, '{ "provider":"email", "providers":["email"] }', '{}', NOW(), NOW());
INSERT INTO public.core_users (id, person_id) VALUES ('bfed8b77-230d-4941-97dd-d251f50bfdaf', '15f1726a-f251-4273-a4b6-6e41e4b9d98d');
INSERT INTO auth.users (id, aud, role, email, encrypted_password, email_confirmed_at, recovery_sent_at, last_sign_in_at, raw_app_meta_data, raw_user_meta_data, created_at, updated_at) VALUES ('3df63dd0-d8fd-4687-b9a4-d6ecd045bd2f', 'authenticated', 'authenticated', 'rafaela.3df6@nacj.org.br', crypt('Mudar@1234', gen_salt('bf')), NOW(), NULL, NULL, '{ "provider":"email", "providers":["email"] }', '{}', NOW(), NOW());
INSERT INTO public.core_users (id, person_id) VALUES ('3df63dd0-d8fd-4687-b9a4-d6ecd045bd2f', '312e54eb-04be-4edd-9593-b2b5ed756386');
INSERT INTO auth.users (id, aud, role, email, encrypted_password, email_confirmed_at, recovery_sent_at, last_sign_in_at, raw_app_meta_data, raw_user_meta_data, created_at, updated_at) VALUES ('f3b95953-2660-46b0-9f7e-68b101299bdd', 'authenticated', 'authenticated', 'adriana.f3b9@nacj.org.br', crypt('Mudar@1234', gen_salt('bf')), NOW(), NULL, NULL, '{ "provider":"email", "providers":["email"] }', '{}', NOW(), NOW());
INSERT INTO public.core_users (id, person_id) VALUES ('f3b95953-2660-46b0-9f7e-68b101299bdd', '8b887935-f4b5-4800-b851-aaf89f610876');
INSERT INTO auth.users (id, aud, role, email, encrypted_password, email_confirmed_at, recovery_sent_at, last_sign_in_at, raw_app_meta_data, raw_user_meta_data, created_at, updated_at) VALUES ('fa5c08aa-0735-4467-b076-1f428a604e25', 'authenticated', 'authenticated', 'sabrina.fa5c@nacj.org.br', crypt('Mudar@1234', gen_salt('bf')), NOW(), NULL, NULL, '{ "provider":"email", "providers":["email"] }', '{}', NOW(), NOW());
INSERT INTO public.core_users (id, person_id) VALUES ('fa5c08aa-0735-4467-b076-1f428a604e25', '1d12bd3c-872b-4a9e-95d7-038d8b0ae0de');
INSERT INTO auth.users (id, aud, role, email, encrypted_password, email_confirmed_at, recovery_sent_at, last_sign_in_at, raw_app_meta_data, raw_user_meta_data, created_at, updated_at) VALUES ('99f86d0c-e6a1-4a92-82f8-a1b539f839ec', 'authenticated', 'authenticated', 'vanessa.99f8@nacj.org.br', crypt('Mudar@1234', gen_salt('bf')), NOW(), NULL, NULL, '{ "provider":"email", "providers":["email"] }', '{}', NOW(), NOW());
INSERT INTO public.core_users (id, person_id) VALUES ('99f86d0c-e6a1-4a92-82f8-a1b539f839ec', '9cdb358a-eef5-40b6-b0c0-5c7828f50f54');
INSERT INTO auth.users (id, aud, role, email, encrypted_password, email_confirmed_at, recovery_sent_at, last_sign_in_at, raw_app_meta_data, raw_user_meta_data, created_at, updated_at) VALUES ('ecf0ad5c-b538-4803-96be-e7383a36797d', 'authenticated', 'authenticated', 'luisa.ecf0@nacj.org.br', crypt('Mudar@1234', gen_salt('bf')), NOW(), NULL, NULL, '{ "provider":"email", "providers":["email"] }', '{}', NOW(), NOW());
INSERT INTO public.core_users (id, person_id) VALUES ('ecf0ad5c-b538-4803-96be-e7383a36797d', 'e5e65cf8-ded6-4c2a-8307-a35a8519f4a2');
INSERT INTO auth.users (id, aud, role, email, encrypted_password, email_confirmed_at, recovery_sent_at, last_sign_in_at, raw_app_meta_data, raw_user_meta_data, created_at, updated_at) VALUES ('777800b1-e152-44d6-9fd1-194ecf1173e6', 'authenticated', 'authenticated', 'magda.7778@nacj.org.br', crypt('Mudar@1234', gen_salt('bf')), NOW(), NULL, NULL, '{ "provider":"email", "providers":["email"] }', '{}', NOW(), NOW());
INSERT INTO public.core_users (id, person_id) VALUES ('777800b1-e152-44d6-9fd1-194ecf1173e6', '19063f13-feb4-420b-bfb6-803a7cd8d46d');
INSERT INTO auth.users (id, aud, role, email, encrypted_password, email_confirmed_at, recovery_sent_at, last_sign_in_at, raw_app_meta_data, raw_user_meta_data, created_at, updated_at) VALUES ('9dabf0a1-85fc-45e5-93f4-3439039c6c91', 'authenticated', 'authenticated', 'roseli.9dab@nacj.org.br', crypt('Mudar@1234', gen_salt('bf')), NOW(), NULL, NULL, '{ "provider":"email", "providers":["email"] }', '{}', NOW(), NOW());
INSERT INTO public.core_users (id, person_id) VALUES ('9dabf0a1-85fc-45e5-93f4-3439039c6c91', '368ca7e4-5a6d-47f1-9ccd-7acfafccc8ce');
INSERT INTO auth.users (id, aud, role, email, encrypted_password, email_confirmed_at, recovery_sent_at, last_sign_in_at, raw_app_meta_data, raw_user_meta_data, created_at, updated_at) VALUES ('92105398-e712-4949-9830-b7433493845f', 'authenticated', 'authenticated', 'isabelle.9210@nacj.org.br', crypt('Mudar@1234', gen_salt('bf')), NOW(), NULL, NULL, '{ "provider":"email", "providers":["email"] }', '{}', NOW(), NOW());
INSERT INTO public.core_users (id, person_id) VALUES ('92105398-e712-4949-9830-b7433493845f', '21ddb930-9759-47e7-bec5-f5c37a34cd8b');
INSERT INTO auth.users (id, aud, role, email, encrypted_password, email_confirmed_at, recovery_sent_at, last_sign_in_at, raw_app_meta_data, raw_user_meta_data, created_at, updated_at) VALUES ('c6fbdf60-b544-4d8d-bf5c-5e9454079797', 'authenticated', 'authenticated', 'juliana.c6fb@nacj.org.br', crypt('Mudar@1234', gen_salt('bf')), NOW(), NULL, NULL, '{ "provider":"email", "providers":["email"] }', '{}', NOW(), NOW());
INSERT INTO public.core_users (id, person_id) VALUES ('c6fbdf60-b544-4d8d-bf5c-5e9454079797', '5772122d-23ae-4689-bedd-ab966d2e0953');
INSERT INTO auth.users (id, aud, role, email, encrypted_password, email_confirmed_at, recovery_sent_at, last_sign_in_at, raw_app_meta_data, raw_user_meta_data, created_at, updated_at) VALUES ('9507c64b-7b46-43fb-8e17-36b16841ed81', 'authenticated', 'authenticated', 'adriana.9507@nacj.org.br', crypt('Mudar@1234', gen_salt('bf')), NOW(), NULL, NULL, '{ "provider":"email", "providers":["email"] }', '{}', NOW(), NOW());
INSERT INTO public.core_users (id, person_id) VALUES ('9507c64b-7b46-43fb-8e17-36b16841ed81', 'd736195c-b585-4fe2-b904-5b86c6e26247');
INSERT INTO auth.users (id, aud, role, email, encrypted_password, email_confirmed_at, recovery_sent_at, last_sign_in_at, raw_app_meta_data, raw_user_meta_data, created_at, updated_at) VALUES ('3ebe897e-d6f4-4b77-96c4-652f21954866', 'authenticated', 'authenticated', 'evandro.3ebe@nacj.org.br', crypt('Mudar@1234', gen_salt('bf')), NOW(), NULL, NULL, '{ "provider":"email", "providers":["email"] }', '{}', NOW(), NOW());
INSERT INTO public.core_users (id, person_id) VALUES ('3ebe897e-d6f4-4b77-96c4-652f21954866', '536c7c7e-726d-479c-b823-a6a9a055d18d');
INSERT INTO auth.users (id, aud, role, email, encrypted_password, email_confirmed_at, recovery_sent_at, last_sign_in_at, raw_app_meta_data, raw_user_meta_data, created_at, updated_at) VALUES ('cdf071a5-4100-460c-9c5b-e580d2df1e4c', 'authenticated', 'authenticated', 'jennifer.cdf0@nacj.org.br', crypt('Mudar@1234', gen_salt('bf')), NOW(), NULL, NULL, '{ "provider":"email", "providers":["email"] }', '{}', NOW(), NOW());
INSERT INTO public.core_users (id, person_id) VALUES ('cdf071a5-4100-460c-9c5b-e580d2df1e4c', '425c0dcf-98d2-478b-9bfe-ae52c4d6ad9d');
INSERT INTO auth.users (id, aud, role, email, encrypted_password, email_confirmed_at, recovery_sent_at, last_sign_in_at, raw_app_meta_data, raw_user_meta_data, created_at, updated_at) VALUES ('f94fc5de-f5e6-40a7-a337-ca616501b7d8', 'authenticated', 'authenticated', 'pollyanna.f94f@nacj.org.br', crypt('Mudar@1234', gen_salt('bf')), NOW(), NULL, NULL, '{ "provider":"email", "providers":["email"] }', '{}', NOW(), NOW());
INSERT INTO public.core_users (id, person_id) VALUES ('f94fc5de-f5e6-40a7-a337-ca616501b7d8', '4429043e-05f1-4074-a110-c3c33c70c2af');
INSERT INTO auth.users (id, aud, role, email, encrypted_password, email_confirmed_at, recovery_sent_at, last_sign_in_at, raw_app_meta_data, raw_user_meta_data, created_at, updated_at) VALUES ('7d5e5632-d96b-4d4c-a339-c9a847960673', 'authenticated', 'authenticated', 'sheila.7d5e@nacj.org.br', crypt('Mudar@1234', gen_salt('bf')), NOW(), NULL, NULL, '{ "provider":"email", "providers":["email"] }', '{}', NOW(), NOW());
INSERT INTO public.core_users (id, person_id) VALUES ('7d5e5632-d96b-4d4c-a339-c9a847960673', '02a1a515-729a-4353-981d-a0b5def6f853');
INSERT INTO auth.users (id, aud, role, email, encrypted_password, email_confirmed_at, recovery_sent_at, last_sign_in_at, raw_app_meta_data, raw_user_meta_data, created_at, updated_at) VALUES ('ad87503f-91f1-417e-a42f-e4cd261c387d', 'authenticated', 'authenticated', 'meire.ad87@nacj.org.br', crypt('Mudar@1234', gen_salt('bf')), NOW(), NULL, NULL, '{ "provider":"email", "providers":["email"] }', '{}', NOW(), NOW());
INSERT INTO public.core_users (id, person_id) VALUES ('ad87503f-91f1-417e-a42f-e4cd261c387d', '36baa593-9c1a-46a3-93e5-db30a565dbd4');
INSERT INTO auth.users (id, aud, role, email, encrypted_password, email_confirmed_at, recovery_sent_at, last_sign_in_at, raw_app_meta_data, raw_user_meta_data, created_at, updated_at) VALUES ('ba8444cd-3cc8-48b5-8f32-47a534babde4', 'authenticated', 'authenticated', 'vanessa.ba84@nacj.org.br', crypt('Mudar@1234', gen_salt('bf')), NOW(), NULL, NULL, '{ "provider":"email", "providers":["email"] }', '{}', NOW(), NOW());
INSERT INTO public.core_users (id, person_id) VALUES ('ba8444cd-3cc8-48b5-8f32-47a534babde4', '89be9a91-95be-4d31-9a66-544bba2fec0d');
INSERT INTO auth.users (id, aud, role, email, encrypted_password, email_confirmed_at, recovery_sent_at, last_sign_in_at, raw_app_meta_data, raw_user_meta_data, created_at, updated_at) VALUES ('090d70d8-8bf6-4e49-bec7-3f3973179894', 'authenticated', 'authenticated', 'juliana.090d@nacj.org.br', crypt('Mudar@1234', gen_salt('bf')), NOW(), NULL, NULL, '{ "provider":"email", "providers":["email"] }', '{}', NOW(), NOW());
INSERT INTO public.core_users (id, person_id) VALUES ('090d70d8-8bf6-4e49-bec7-3f3973179894', '2cff8ab5-8454-4edf-aadf-2bb1cfc66fd7');
INSERT INTO auth.users (id, aud, role, email, encrypted_password, email_confirmed_at, recovery_sent_at, last_sign_in_at, raw_app_meta_data, raw_user_meta_data, created_at, updated_at) VALUES ('8f016016-a8fe-406d-b620-e1f23e92cb08', 'authenticated', 'authenticated', 'cristiano.8f01@nacj.org.br', crypt('Mudar@1234', gen_salt('bf')), NOW(), NULL, NULL, '{ "provider":"email", "providers":["email"] }', '{}', NOW(), NOW());
INSERT INTO public.core_users (id, person_id) VALUES ('8f016016-a8fe-406d-b620-e1f23e92cb08', '95a8d8f0-a9e2-4df8-9c22-88bff0f17ae1');
INSERT INTO auth.users (id, aud, role, email, encrypted_password, email_confirmed_at, recovery_sent_at, last_sign_in_at, raw_app_meta_data, raw_user_meta_data, created_at, updated_at) VALUES ('c0a7ee6c-5158-4c12-9601-0b8df2de8b40', 'authenticated', 'authenticated', 'adriana.c0a7@nacj.org.br', crypt('Mudar@1234', gen_salt('bf')), NOW(), NULL, NULL, '{ "provider":"email", "providers":["email"] }', '{}', NOW(), NOW());
INSERT INTO public.core_users (id, person_id) VALUES ('c0a7ee6c-5158-4c12-9601-0b8df2de8b40', 'd736195c-b585-4fe2-b904-5b86c6e26247');

-- Migration ID Mappings --

INSERT INTO public.migration_id_mapping (legacy_id, legacy_table_name, new_uuid, new_table_name) VALUES ('8', 'BAZAR_USUARIO', '43053d83-9736-49ec-9861-a50cf2bb8fec', 'core_users');
INSERT INTO public.migration_id_mapping (legacy_id, legacy_table_name, new_uuid, new_table_name) VALUES ('9', 'BAZAR_USUARIO', '2ff15d9e-d7d9-417b-85cd-a5dd5cdb8e55', 'core_users');
INSERT INTO public.migration_id_mapping (legacy_id, legacy_table_name, new_uuid, new_table_name) VALUES ('10', 'BAZAR_USUARIO', '071e9f87-852e-456b-b6c7-4f4fa15966a0', 'core_users');
INSERT INTO public.migration_id_mapping (legacy_id, legacy_table_name, new_uuid, new_table_name) VALUES ('11', 'BAZAR_USUARIO', '28015af1-2a3f-4851-bd47-faaad5ae84a0', 'core_users');
INSERT INTO public.migration_id_mapping (legacy_id, legacy_table_name, new_uuid, new_table_name) VALUES ('12', 'BAZAR_USUARIO', '47e69459-faff-4632-a72d-b7d7a158c909', 'core_users');
INSERT INTO public.migration_id_mapping (legacy_id, legacy_table_name, new_uuid, new_table_name) VALUES ('13', 'BAZAR_USUARIO', 'a25e8977-17f7-488c-be4e-25b356c831f9', 'core_users');
INSERT INTO public.migration_id_mapping (legacy_id, legacy_table_name, new_uuid, new_table_name) VALUES ('14', 'BAZAR_USUARIO', '8e25b933-7f1e-4067-9b41-1b6c04f3da0c', 'core_users');
INSERT INTO public.migration_id_mapping (legacy_id, legacy_table_name, new_uuid, new_table_name) VALUES ('16', 'BAZAR_USUARIO', '14d6f6be-6ed9-4d0f-adfb-834c10565900', 'core_users');
INSERT INTO public.migration_id_mapping (legacy_id, legacy_table_name, new_uuid, new_table_name) VALUES ('17', 'BAZAR_USUARIO', '346555b8-e091-4fc1-be6d-0f97093ea586', 'core_users');
INSERT INTO public.migration_id_mapping (legacy_id, legacy_table_name, new_uuid, new_table_name) VALUES ('18', 'BAZAR_USUARIO', '8b95a882-f47e-432e-a4e6-7934ad6d3f0a', 'core_users');
INSERT INTO public.migration_id_mapping (legacy_id, legacy_table_name, new_uuid, new_table_name) VALUES ('19', 'BAZAR_USUARIO', 'aea06d93-fd71-4442-ab0e-7e57a0bf0b6c', 'core_users');
INSERT INTO public.migration_id_mapping (legacy_id, legacy_table_name, new_uuid, new_table_name) VALUES ('20', 'BAZAR_USUARIO', '87b48f57-8104-4009-b26b-7985621ea610', 'core_users');
INSERT INTO public.migration_id_mapping (legacy_id, legacy_table_name, new_uuid, new_table_name) VALUES ('9', 'PESSOAL_USUARIO', '87b48f57-8104-4009-b26b-7985621ea610', 'core_users');
INSERT INTO public.migration_id_mapping (legacy_id, legacy_table_name, new_uuid, new_table_name) VALUES ('9', 'REFEITORIO_USUARIO', '87b48f57-8104-4009-b26b-7985621ea610', 'core_users');
INSERT INTO public.migration_id_mapping (legacy_id, legacy_table_name, new_uuid, new_table_name) VALUES ('30', 'BAZAR_USUARIO', '7292214b-318d-452e-8f0c-7c550e0b736b', 'core_users');
INSERT INTO public.migration_id_mapping (legacy_id, legacy_table_name, new_uuid, new_table_name) VALUES ('5', 'PESSOAL_USUARIO', '7292214b-318d-452e-8f0c-7c550e0b736b', 'core_users');
INSERT INTO public.migration_id_mapping (legacy_id, legacy_table_name, new_uuid, new_table_name) VALUES ('5', 'REFEITORIO_USUARIO', '7292214b-318d-452e-8f0c-7c550e0b736b', 'core_users');
INSERT INTO public.migration_id_mapping (legacy_id, legacy_table_name, new_uuid, new_table_name) VALUES ('32', 'BAZAR_USUARIO', 'ceb22f2d-fe07-4dfb-9d11-901050daffd7', 'core_users');
INSERT INTO public.migration_id_mapping (legacy_id, legacy_table_name, new_uuid, new_table_name) VALUES ('32', 'PESSOAL_USUARIO', 'ceb22f2d-fe07-4dfb-9d11-901050daffd7', 'core_users');
INSERT INTO public.migration_id_mapping (legacy_id, legacy_table_name, new_uuid, new_table_name) VALUES ('40', 'BAZAR_USUARIO', '14dbd58d-9dcf-4134-a866-77a9aa43723b', 'core_users');
INSERT INTO public.migration_id_mapping (legacy_id, legacy_table_name, new_uuid, new_table_name) VALUES ('41', 'BAZAR_USUARIO', '082ea951-bfa5-4ac9-8986-c6f7e41ae676', 'core_users');
INSERT INTO public.migration_id_mapping (legacy_id, legacy_table_name, new_uuid, new_table_name) VALUES ('43', 'BAZAR_USUARIO', '1e8b92dd-fb68-4b86-a2aa-86abbad5517d', 'core_users');
INSERT INTO public.migration_id_mapping (legacy_id, legacy_table_name, new_uuid, new_table_name) VALUES ('44', 'BAZAR_USUARIO', 'da6dbdbe-d958-460a-8501-bfed45bc7adf', 'core_users');
INSERT INTO public.migration_id_mapping (legacy_id, legacy_table_name, new_uuid, new_table_name) VALUES ('46', 'BAZAR_USUARIO', 'f9cd15d0-9dbf-40a6-a856-b10549c907b0', 'core_users');
INSERT INTO public.migration_id_mapping (legacy_id, legacy_table_name, new_uuid, new_table_name) VALUES ('47', 'BAZAR_USUARIO', '7af3202c-feb2-46d6-9953-6f9d03638017', 'core_users');
INSERT INTO public.migration_id_mapping (legacy_id, legacy_table_name, new_uuid, new_table_name) VALUES ('48', 'BAZAR_USUARIO', '4ac26f77-1676-4883-96a7-fb33ff06105b', 'core_users');
INSERT INTO public.migration_id_mapping (legacy_id, legacy_table_name, new_uuid, new_table_name) VALUES ('50', 'BAZAR_USUARIO', '1a004271-c4e5-469b-9a2a-e77621068f64', 'core_users');
INSERT INTO public.migration_id_mapping (legacy_id, legacy_table_name, new_uuid, new_table_name) VALUES ('51', 'BAZAR_USUARIO', '4b6c84c8-d5bf-4c18-9feb-bd238e64c413', 'core_users');
INSERT INTO public.migration_id_mapping (legacy_id, legacy_table_name, new_uuid, new_table_name) VALUES ('48', 'DOACAO_USUARIO', '8b727954-ee60-4c97-b048-529f40ac4039', 'core_users');
INSERT INTO public.migration_id_mapping (legacy_id, legacy_table_name, new_uuid, new_table_name) VALUES ('53', 'DOACAO_USUARIO', 'c4eb1e98-e41c-4a90-bce9-7f100291aca7', 'core_users');
INSERT INTO public.migration_id_mapping (legacy_id, legacy_table_name, new_uuid, new_table_name) VALUES ('3', 'FINANCEIRO_USUARIO', 'c4eb1e98-e41c-4a90-bce9-7f100291aca7', 'core_users');
INSERT INTO public.migration_id_mapping (legacy_id, legacy_table_name, new_uuid, new_table_name) VALUES ('60', 'DOACAO_USUARIO', '4af6b98f-afbe-4dda-8a29-ae082c32d1f0', 'core_users');
INSERT INTO public.migration_id_mapping (legacy_id, legacy_table_name, new_uuid, new_table_name) VALUES ('22', 'RECEPCAO_USUARIO', '4af6b98f-afbe-4dda-8a29-ae082c32d1f0', 'core_users');
INSERT INTO public.migration_id_mapping (legacy_id, legacy_table_name, new_uuid, new_table_name) VALUES ('61', 'DOACAO_USUARIO', '1ea9e7a4-575d-4f25-a48b-9d03f7e225e4', 'core_users');
INSERT INTO public.migration_id_mapping (legacy_id, legacy_table_name, new_uuid, new_table_name) VALUES ('19', 'RECEPCAO_USUARIO', '1ea9e7a4-575d-4f25-a48b-9d03f7e225e4', 'core_users');
INSERT INTO public.migration_id_mapping (legacy_id, legacy_table_name, new_uuid, new_table_name) VALUES ('63', 'DOACAO_USUARIO', '41fddaa3-0d82-42fd-9ed5-8a1f411eab2e', 'core_users');
INSERT INTO public.migration_id_mapping (legacy_id, legacy_table_name, new_uuid, new_table_name) VALUES ('26', 'RECEPCAO_USUARIO', '41fddaa3-0d82-42fd-9ed5-8a1f411eab2e', 'core_users');
INSERT INTO public.migration_id_mapping (legacy_id, legacy_table_name, new_uuid, new_table_name) VALUES ('64', 'DOACAO_USUARIO', '7a389b7c-140a-4d69-a81a-9a66a2a6f8ac', 'core_users');
INSERT INTO public.migration_id_mapping (legacy_id, legacy_table_name, new_uuid, new_table_name) VALUES ('65', 'DOACAO_USUARIO', '9bd925cf-e4fb-433a-8964-d8b7837015be', 'core_users');
INSERT INTO public.migration_id_mapping (legacy_id, legacy_table_name, new_uuid, new_table_name) VALUES ('18', 'RECEPCAO_USUARIO', '9bd925cf-e4fb-433a-8964-d8b7837015be', 'core_users');
INSERT INTO public.migration_id_mapping (legacy_id, legacy_table_name, new_uuid, new_table_name) VALUES ('68', 'DOACAO_USUARIO', '4fb9c70b-3b74-4a12-9991-da18dddb2556', 'core_users');
INSERT INTO public.migration_id_mapping (legacy_id, legacy_table_name, new_uuid, new_table_name) VALUES ('28', 'RECEPCAO_USUARIO', '4fb9c70b-3b74-4a12-9991-da18dddb2556', 'core_users');
INSERT INTO public.migration_id_mapping (legacy_id, legacy_table_name, new_uuid, new_table_name) VALUES ('70', 'DOACAO_USUARIO', 'd2c1efb1-b198-4170-84b0-3b6467eb0b4e', 'core_users');
INSERT INTO public.migration_id_mapping (legacy_id, legacy_table_name, new_uuid, new_table_name) VALUES ('71', 'DOACAO_USUARIO', '98b3509b-ce47-46b7-a80e-3f2f6506871d', 'core_users');
INSERT INTO public.migration_id_mapping (legacy_id, legacy_table_name, new_uuid, new_table_name) VALUES ('25', 'RECEPCAO_USUARIO', '98b3509b-ce47-46b7-a80e-3f2f6506871d', 'core_users');
INSERT INTO public.migration_id_mapping (legacy_id, legacy_table_name, new_uuid, new_table_name) VALUES ('75', 'DOACAO_USUARIO', 'e6d52ba8-213a-48d2-ba5b-282c75285b47', 'core_users');
INSERT INTO public.migration_id_mapping (legacy_id, legacy_table_name, new_uuid, new_table_name) VALUES ('29', 'RECEPCAO_USUARIO', 'e6d52ba8-213a-48d2-ba5b-282c75285b47', 'core_users');
INSERT INTO public.migration_id_mapping (legacy_id, legacy_table_name, new_uuid, new_table_name) VALUES ('98', 'DOACAO_USUARIO', 'aa3e62d0-5df9-49a7-9f5d-1784cb1be39b', 'core_users');
INSERT INTO public.migration_id_mapping (legacy_id, legacy_table_name, new_uuid, new_table_name) VALUES ('100', 'DOACAO_USUARIO', '3e006573-2193-4506-834d-e3bde07ac6ce', 'core_users');
INSERT INTO public.migration_id_mapping (legacy_id, legacy_table_name, new_uuid, new_table_name) VALUES ('102', 'DOACAO_USUARIO', '13e7a3b8-373f-4bd9-a8b1-48053450b3bd', 'core_users');
INSERT INTO public.migration_id_mapping (legacy_id, legacy_table_name, new_uuid, new_table_name) VALUES ('104', 'DOACAO_USUARIO', '1c382413-2316-46f7-bec3-bc4136f4ee5e', 'core_users');
INSERT INTO public.migration_id_mapping (legacy_id, legacy_table_name, new_uuid, new_table_name) VALUES ('105', 'DOACAO_USUARIO', 'c8ad9db9-09ef-4cae-8515-8d5530b71332', 'core_users');
INSERT INTO public.migration_id_mapping (legacy_id, legacy_table_name, new_uuid, new_table_name) VALUES ('106', 'DOACAO_USUARIO', 'bdd859fa-156d-46cc-83f1-3c8cf9a708c8', 'core_users');
INSERT INTO public.migration_id_mapping (legacy_id, legacy_table_name, new_uuid, new_table_name) VALUES ('107', 'DOACAO_USUARIO', 'c86ea6d9-5764-4072-8492-3037e7d816d0', 'core_users');
INSERT INTO public.migration_id_mapping (legacy_id, legacy_table_name, new_uuid, new_table_name) VALUES ('108', 'DOACAO_USUARIO', '8833608c-1232-42b6-a82e-7324bf815124', 'core_users');
INSERT INTO public.migration_id_mapping (legacy_id, legacy_table_name, new_uuid, new_table_name) VALUES ('111', 'DOACAO_USUARIO', '8a5dc947-3bda-487d-8de8-d3778623af55', 'core_users');
INSERT INTO public.migration_id_mapping (legacy_id, legacy_table_name, new_uuid, new_table_name) VALUES ('113', 'DOACAO_USUARIO', '97b654e6-70db-47e8-8dfd-aa2fa624f733', 'core_users');
INSERT INTO public.migration_id_mapping (legacy_id, legacy_table_name, new_uuid, new_table_name) VALUES ('114', 'DOACAO_USUARIO', '91b24e21-3893-451b-b478-c811902a169d', 'core_users');
INSERT INTO public.migration_id_mapping (legacy_id, legacy_table_name, new_uuid, new_table_name) VALUES ('115', 'DOACAO_USUARIO', '0ca0df7a-0aae-4f61-92a6-0a8ac61f1800', 'core_users');
INSERT INTO public.migration_id_mapping (legacy_id, legacy_table_name, new_uuid, new_table_name) VALUES ('6', 'PESSOAL_USUARIO', '0ca0df7a-0aae-4f61-92a6-0a8ac61f1800', 'core_users');
INSERT INTO public.migration_id_mapping (legacy_id, legacy_table_name, new_uuid, new_table_name) VALUES ('60', 'PESSOAL_USUARIO', '0ca0df7a-0aae-4f61-92a6-0a8ac61f1800', 'core_users');
INSERT INTO public.migration_id_mapping (legacy_id, legacy_table_name, new_uuid, new_table_name) VALUES ('6', 'REFEITORIO_USUARIO', '0ca0df7a-0aae-4f61-92a6-0a8ac61f1800', 'core_users');
INSERT INTO public.migration_id_mapping (legacy_id, legacy_table_name, new_uuid, new_table_name) VALUES ('116', 'DOACAO_USUARIO', 'fb8a13c3-eec8-43bb-9ab5-139f2c058f6a', 'core_users');
INSERT INTO public.migration_id_mapping (legacy_id, legacy_table_name, new_uuid, new_table_name) VALUES ('117', 'DOACAO_USUARIO', 'da99bd00-7151-45de-bd1c-d4a3db11e502', 'core_users');
INSERT INTO public.migration_id_mapping (legacy_id, legacy_table_name, new_uuid, new_table_name) VALUES ('118', 'DOACAO_USUARIO', '8f32a769-fd0d-4498-99f9-649af82955c4', 'core_users');
INSERT INTO public.migration_id_mapping (legacy_id, legacy_table_name, new_uuid, new_table_name) VALUES ('24', 'REFEITORIO_USUARIO', '8f32a769-fd0d-4498-99f9-649af82955c4', 'core_users');
INSERT INTO public.migration_id_mapping (legacy_id, legacy_table_name, new_uuid, new_table_name) VALUES ('119', 'DOACAO_USUARIO', '2500f5cf-aa44-4beb-8469-5d49e8796ad8', 'core_users');
INSERT INTO public.migration_id_mapping (legacy_id, legacy_table_name, new_uuid, new_table_name) VALUES ('120', 'DOACAO_USUARIO', '3072d815-7b5a-4370-8e24-e502b5b910d3', 'core_users');
INSERT INTO public.migration_id_mapping (legacy_id, legacy_table_name, new_uuid, new_table_name) VALUES ('20', 'RECEPCAO_USUARIO', '3072d815-7b5a-4370-8e24-e502b5b910d3', 'core_users');
INSERT INTO public.migration_id_mapping (legacy_id, legacy_table_name, new_uuid, new_table_name) VALUES ('2', 'FINANCEIRO_USUARIO', 'bfed8b77-230d-4941-97dd-d251f50bfdaf', 'core_users');
INSERT INTO public.migration_id_mapping (legacy_id, legacy_table_name, new_uuid, new_table_name) VALUES ('7', 'FINANCEIRO_USUARIO', '3df63dd0-d8fd-4687-b9a4-d6ecd045bd2f', 'core_users');
INSERT INTO public.migration_id_mapping (legacy_id, legacy_table_name, new_uuid, new_table_name) VALUES ('8', 'FINANCEIRO_USUARIO', 'f3b95953-2660-46b0-9f7e-68b101299bdd', 'core_users');
INSERT INTO public.migration_id_mapping (legacy_id, legacy_table_name, new_uuid, new_table_name) VALUES ('8', 'PESSOAL_USUARIO', 'fa5c08aa-0735-4467-b076-1f428a604e25', 'core_users');
INSERT INTO public.migration_id_mapping (legacy_id, legacy_table_name, new_uuid, new_table_name) VALUES ('80', 'PESSOAL_USUARIO', 'fa5c08aa-0735-4467-b076-1f428a604e25', 'core_users');
INSERT INTO public.migration_id_mapping (legacy_id, legacy_table_name, new_uuid, new_table_name) VALUES ('8', 'REFEITORIO_USUARIO', 'fa5c08aa-0735-4467-b076-1f428a604e25', 'core_users');
INSERT INTO public.migration_id_mapping (legacy_id, legacy_table_name, new_uuid, new_table_name) VALUES ('10', 'PESSOAL_USUARIO', '99f86d0c-e6a1-4a92-82f8-a1b539f839ec', 'core_users');
INSERT INTO public.migration_id_mapping (legacy_id, legacy_table_name, new_uuid, new_table_name) VALUES ('10', 'REFEITORIO_USUARIO', '99f86d0c-e6a1-4a92-82f8-a1b539f839ec', 'core_users');
INSERT INTO public.migration_id_mapping (legacy_id, legacy_table_name, new_uuid, new_table_name) VALUES ('2', 'PESSOAL_USUARIO', 'ecf0ad5c-b538-4803-96be-e7383a36797d', 'core_users');
INSERT INTO public.migration_id_mapping (legacy_id, legacy_table_name, new_uuid, new_table_name) VALUES ('20', 'PESSOAL_USUARIO', 'ecf0ad5c-b538-4803-96be-e7383a36797d', 'core_users');
INSERT INTO public.migration_id_mapping (legacy_id, legacy_table_name, new_uuid, new_table_name) VALUES ('2', 'REFEITORIO_USUARIO', 'ecf0ad5c-b538-4803-96be-e7383a36797d', 'core_users');
INSERT INTO public.migration_id_mapping (legacy_id, legacy_table_name, new_uuid, new_table_name) VALUES ('7', 'PESSOAL_USUARIO', '777800b1-e152-44d6-9fd1-194ecf1173e6', 'core_users');
INSERT INTO public.migration_id_mapping (legacy_id, legacy_table_name, new_uuid, new_table_name) VALUES ('7', 'REFEITORIO_USUARIO', '777800b1-e152-44d6-9fd1-194ecf1173e6', 'core_users');
INSERT INTO public.migration_id_mapping (legacy_id, legacy_table_name, new_uuid, new_table_name) VALUES ('11', 'PESSOAL_USUARIO', '9dabf0a1-85fc-45e5-93f4-3439039c6c91', 'core_users');
INSERT INTO public.migration_id_mapping (legacy_id, legacy_table_name, new_uuid, new_table_name) VALUES ('11', 'REFEITORIO_USUARIO', '9dabf0a1-85fc-45e5-93f4-3439039c6c91', 'core_users');
INSERT INTO public.migration_id_mapping (legacy_id, legacy_table_name, new_uuid, new_table_name) VALUES ('12', 'PESSOAL_USUARIO', '92105398-e712-4949-9830-b7433493845f', 'core_users');
INSERT INTO public.migration_id_mapping (legacy_id, legacy_table_name, new_uuid, new_table_name) VALUES ('12', 'REFEITORIO_USUARIO', '92105398-e712-4949-9830-b7433493845f', 'core_users');
INSERT INTO public.migration_id_mapping (legacy_id, legacy_table_name, new_uuid, new_table_name) VALUES ('13', 'PESSOAL_USUARIO', 'c6fbdf60-b544-4d8d-bf5c-5e9454079797', 'core_users');
INSERT INTO public.migration_id_mapping (legacy_id, legacy_table_name, new_uuid, new_table_name) VALUES ('14', 'PESSOAL_USUARIO', '9507c64b-7b46-43fb-8e17-36b16841ed81', 'core_users');
INSERT INTO public.migration_id_mapping (legacy_id, legacy_table_name, new_uuid, new_table_name) VALUES ('140', 'PESSOAL_USUARIO', '9507c64b-7b46-43fb-8e17-36b16841ed81', 'core_users');
INSERT INTO public.migration_id_mapping (legacy_id, legacy_table_name, new_uuid, new_table_name) VALUES ('15', 'PESSOAL_USUARIO', '3ebe897e-d6f4-4b77-96c4-652f21954866', 'core_users');
INSERT INTO public.migration_id_mapping (legacy_id, legacy_table_name, new_uuid, new_table_name) VALUES ('150', 'PESSOAL_USUARIO', '3ebe897e-d6f4-4b77-96c4-652f21954866', 'core_users');
INSERT INTO public.migration_id_mapping (legacy_id, legacy_table_name, new_uuid, new_table_name) VALUES ('14', 'REFEITORIO_USUARIO', '3ebe897e-d6f4-4b77-96c4-652f21954866', 'core_users');
INSERT INTO public.migration_id_mapping (legacy_id, legacy_table_name, new_uuid, new_table_name) VALUES ('21', 'RECEPCAO_USUARIO', 'cdf071a5-4100-460c-9c5b-e580d2df1e4c', 'core_users');
INSERT INTO public.migration_id_mapping (legacy_id, legacy_table_name, new_uuid, new_table_name) VALUES ('23', 'RECEPCAO_USUARIO', 'f94fc5de-f5e6-40a7-a337-ca616501b7d8', 'core_users');
INSERT INTO public.migration_id_mapping (legacy_id, legacy_table_name, new_uuid, new_table_name) VALUES ('27', 'RECEPCAO_USUARIO', '7d5e5632-d96b-4d4c-a339-c9a847960673', 'core_users');
INSERT INTO public.migration_id_mapping (legacy_id, legacy_table_name, new_uuid, new_table_name) VALUES ('53', 'RECEPCAO_USUARIO', 'ad87503f-91f1-417e-a42f-e4cd261c387d', 'core_users');
INSERT INTO public.migration_id_mapping (legacy_id, legacy_table_name, new_uuid, new_table_name) VALUES ('54', 'RECEPCAO_USUARIO', 'ba8444cd-3cc8-48b5-8f32-47a534babde4', 'core_users');
INSERT INTO public.migration_id_mapping (legacy_id, legacy_table_name, new_uuid, new_table_name) VALUES ('13', 'REFEITORIO_USUARIO', '090d70d8-8bf6-4e49-bec7-3f3973179894', 'core_users');
INSERT INTO public.migration_id_mapping (legacy_id, legacy_table_name, new_uuid, new_table_name) VALUES ('16', 'REFEITORIO_USUARIO', '8f016016-a8fe-406d-b620-e1f23e92cb08', 'core_users');
INSERT INTO public.migration_id_mapping (legacy_id, legacy_table_name, new_uuid, new_table_name) VALUES ('23', 'REFEITORIO_USUARIO', 'c0a7ee6c-5158-4c12-9601-0b8df2de8b40', 'core_users');
